https://www.baza-firm.com.pl/wojewodztwo/lubelskie/strona-21/,"Błąd cURL: Operation timed out after 60001 milliseconds with 0 bytes received"
https://www.baza-firm.com.pl/wojewodztwo/lubelskie/strona-22/,"Błąd cURL: Operation timed out after 60000 milliseconds with 0 bytes received"
https://www.baza-firm.com.pl/wojewodztwo/lubelskie/strona-23/,"Błąd cURL: Operation timed out after 60000 milliseconds with 16384 bytes received"
https://www.baza-firm.com.pl/wojewodztwo/lubelskie/strona-24/,"Błąd cURL: Operation timed out after 60000 milliseconds with 114688 bytes received"
https://www.baza-firm.com.pl/wojewodztwo/lubelskie/strona-25/,"Błąd cURL: Operation timed out after 60001 milliseconds with 0 bytes received"
https://www.baza-firm.com.pl/wojewodztwo/lubelskie/strona-26/,"Błąd cURL: Operation timed out after 60000 milliseconds with 16384 bytes received"
https://www.baza-firm.com.pl/wojewodztwo/lubelskie/strona-27/,"Błąd cURL: Operation timed out after 60000 milliseconds with 98304 bytes received"
https://www.baza-firm.com.pl/wojewodztwo/lubelskie/strona-30/,"Błąd cURL: Connection timed out after 60001 milliseconds"
https://www.baza-firm.com.pl/wojewodztwo/lubelskie/strona-31/,"Błąd cURL: Operation timed out after 60000 milliseconds with 0 bytes received"
https://www.baza-firm.com.pl/wojewodztwo/lubelskie/strona-32/,"Błąd cURL: Operation timed out after 60000 milliseconds with 16384 bytes received"
https://www.baza-firm.com.pl/wojewodztwo/lubelskie/strona-34/,"Błąd cURL: Operation timed out after 60000 milliseconds with 0 bytes received"
https://www.baza-firm.com.pl/wojewodztwo/lubelskie/strona-35/,"Błąd cURL: Operation timed out after 60000 milliseconds with 0 bytes received"
https://www.baza-firm.com.pl/wojewodztwo/lubelskie/strona-36/,"Błąd cURL: Operation timed out after 60001 milliseconds with 16384 bytes received"
https://www.baza-firm.com.pl/wojewodztwo/lubelskie/strona-37/,"Błąd cURL: Operation timed out after 60000 milliseconds with 98304 bytes received"
https://www.baza-firm.com.pl/wojewodztwo/lubelskie/strona-38/,"Błąd cURL: Operation timed out after 60000 milliseconds with 0 bytes received"
https://www.baza-firm.com.pl/wojewodztwo/lubelskie/strona-39/,"Błąd cURL: Operation timed out after 60000 milliseconds with 0 bytes received"
https://www.baza-firm.com.pl/wojewodztwo/lubelskie/strona-40/,"Błąd cURL: Operation timed out after 60001 milliseconds with 32768 bytes received"
https://www.baza-firm.com.pl/wojewodztwo/lubelskie/strona-27/,"Błąd cURL: OpenSSL SSL_read: error:0A000126:SSL routines::unexpected eof while reading, errno 0"
https://www.baza-firm.com.pl/wojewodztwo/lubelskie/strona-38/,"Błąd cURL: error:0A000126:SSL routines::unexpected eof while reading"
https://www.baza-firm.com.pl/wojewodztwo/lubelskie/strona-44/,"Błąd cURL: OpenSSL SSL_read: error:0A000126:SSL routines::unexpected eof while reading, errno 0"
https://www.baza-firm.com.pl/wojewodztwo/lubelskie/strona-54/,"Błąd cURL: OpenSSL SSL_read: error:0A000126:SSL routines::unexpected eof while reading, errno 0"
https://www.baza-firm.com.pl/wojewodztwo/lubelskie/strona-90/,"Błąd cURL: error:0A000126:SSL routines::unexpected eof while reading"
https://www.baza-firm.com.pl/wojewodztwo/lubelskie/strona-90/,"Błąd cURL: OpenSSL SSL_read: error:0A000126:SSL routines::unexpected eof while reading, errno 0"
https://www.baza-firm.com.pl/wojewodztwo/lubelskie/strona-102/,"Błąd cURL: error:0A000126:SSL routines::unexpected eof while reading"
https://www.baza-firm.com.pl/wojewodztwo/lubelskie/strona-110/,"Błąd cURL: OpenSSL SSL_read: error:0A000126:SSL routines::unexpected eof while reading, errno 0"
https://www.baza-firm.com.pl/wojewodztwo/lubelskie/strona-188/,"Błąd cURL: error:0A000126:SSL routines::unexpected eof while reading"
https://www.baza-firm.com.pl/wojewodztwo/lubelskie/strona-194/,"Błąd cURL: Recv failure: Connection reset by peer"
https://www.baza-firm.com.pl/wojewodztwo/lubelskie/strona-200/,"Błąd cURL: OpenSSL SSL_read: error:0A000126:SSL routines::unexpected eof while reading, errno 0"
https://www.baza-firm.com.pl/wojewodztwo/lubelskie/strona-201/,"Błąd cURL: error:0A000126:SSL routines::unexpected eof while reading"
https://www.baza-firm.com.pl/wojewodztwo/lubelskie/strona-223/,"Błąd cURL: OpenSSL SSL_read: error:0A000126:SSL routines::unexpected eof while reading, errno 0"
https://www.baza-firm.com.pl/wojewodztwo/lubelskie/strona-230/,"Błąd cURL: OpenSSL SSL_read: error:0A000126:SSL routines::unexpected eof while reading, errno 0"
https://www.baza-firm.com.pl/wojewodztwo/lubelskie/strona-244/,"Błąd cURL: OpenSSL SSL_read: error:0A000126:SSL routines::unexpected eof while reading, errno 0"
https://www.baza-firm.com.pl/wojewodztwo/lubelskie/strona-276/,"Błąd cURL: OpenSSL SSL_read: error:0A000126:SSL routines::unexpected eof while reading, errno 0"
https://www.baza-firm.com.pl/wojewodztwo/lubelskie/strona-298/,"Błąd cURL: error:0A000126:SSL routines::unexpected eof while reading"
https://www.baza-firm.com.pl/wojewodztwo/lubelskie/strona-339/,"Błąd cURL: OpenSSL SSL_read: error:0A000126:SSL routines::unexpected eof while reading, errno 0"
https://www.baza-firm.com.pl/wojewodztwo/lubelskie/strona-379/,"Błąd cURL: OpenSSL SSL_read: error:0A000126:SSL routines::unexpected eof while reading, errno 0"
https://www.baza-firm.com.pl/wojewodztwo/lubelskie/strona-468/,"Błąd cURL: OpenSSL SSL_read: error:0A000126:SSL routines::unexpected eof while reading, errno 0"
